,model,dataset,train_accuracy,train_time,test_time,samples,features
0,sklearn.tree,kr-vs-kp,0.940863579474343,0.0045824825,0.0026188617,3196,36
1,sklearn.tree,letter,0.60975,0.009139415,0.0014920321,20000,16
2,sklearn.tree,balance-scale,0.7984,0.0008320446,0.0003173995,625,4
3,sklearn.tree,mfeat-factors,0.8705,0.0381496161,0.0091507458,2000,216
