,model,dataset,train_accuracy,train_time,test_time,samples,features
0,sklearn.tree,kr-vs-kp,0.940863579474343,0.0046861631,0.002759417,3196,36
1,sklearn.tree,letter,0.60975,0.0093088189,0.0015262185,20000,16
2,sklearn.tree,balance-scale,0.7984,0.0006370017,0.0002980348,625,4
3,sklearn.tree,mfeat-factors,0.8705,0.0359304877,0.0089672023,2000,216
